{
    "ModGenericComponent" : {
                            "DisplayNameLocalizationId" : "GAMEPLAY_ActiveEmberBox",
                            "DescriptionLocalizatonId" : "GAMEPLAY_ActiveEmberBoxDescription",
                            "InventoryActionLocalizationId" : "",
                            "WeightKG": 0.35,
                            "DaysToDecay" : 0.1,
                            "MaxHP" : 100,
                            "InitialCondition" : "Perfect",
                            "InventoryCategory" : "Firestarting",
                            "Radial" : "None",
                            "PickUpAudio" : "Play_TinCanPickup",
                            "PutBackAudio" : "Play_TinCanPutDown",
                            "StowAudio" : "Play_InventoryStow",
                            "WornOutAudio" : "",
                            "InspectOnPickup" : true,
                            "InspectDistance" : 0.4,
                            "InspectAngles" : [-16, 41, -40],
                            "InspectOffset" : [0, -0.05, 0],
                            "InspectScale" :  [1, 1, 1],
                            "NormalModel" : "",
                            "InspectModel" : ""
    },
    "ModFireStarterComponent" : {
                                "DestroyedOnUse" : false,
                                "NumberOfUses" : 0,
                                "OnUseSoundEvent" : "",
                                "RequiresSunLight" : false,
                                "RuinedAfterUse" : false,
                                "SecondsToIgniteTinder" : 5,
                                "SecondsToIgniteTorch" : 5,
                                "SuccessModifier" : 10
                            },
    "ModHarvestableComponent": {
                                "Audio" : "Play_CraftingGeneric",
                                "Minutes" : 2,
                                "YieldCounts" : [1,1],
                                "YieldNames" : ["GEAR_RecycledCan","GEAR_BarkTinder"],
                                "RequiredToolNames" : []
                            },
    "ModRepairableComponent" : {
                                "Audio" : "Play_CraftingGeneric",
                                "Minutes" : 1,
                                "Condition" : 50,
                                "RequiredTools" : [],
                                "MaterialNames" : ["GEAR_Charcoal"],
                                "MaterialCounts" : [1]
                            }
}