{
    "ModGenericComponent": {
                                "DisplayNameLocalizationId" : "GAMEPLAY_BowDrill",
                                "DescriptionLocalizatonId" : "GAMEPLAY_BowDrillDescription",
                                "InventoryActionLocalizationId" : "",
                                "WeightKG": 1,
                                "DaysToDecay" : 0,
                                "MaxHP" : 100,
                                "InitialCondition" : "Perfect",
                                "InventoryCategory" : "FireStarting",
                                "Radial" : "None",
                                "PickUpAudio" : "",
                                "PutBackAudio" : "",
                                "StowAudio" : "Play_InventoryStow",
                                "WornOutAudio" : "",
                                "InspectOnPickup" : true,
                                "InspectDistance" : 0.4,
                                "InspectAngles" : [0, 90, -90],
                                "InspectOffset" : [0, 0, 0],
                                "InspectScale" :  [0.5, 0.5, 0.5],
                                "NormalModel" : "",
                                "InspectModel" : ""
                            },
    "ModFireStarterComponent" : {
                                "DestroyedOnUse" : false,
                                "NumberOfUses" : 10,
                                "OnUseSoundEvent" : "",
                                "RequiresSunLight" : false,
                                "RuinedAfterUse" : false,
                                "SecondsToIgniteTinder" : 7,
                                "SecondsToIgniteTorch" : 7,
                                "SuccessModifier" : -10
                            },
    "ModHarvestableComponent": {
                                "Audio" : "",
                                "Minutes" : 1,
                                "YieldCounts" : [1],
                                "YieldNames" : ["GEAR_Softwood"],
                                "RequiredToolNames" : []
                            }
}