{
    "ModGenericComponent" : {
                            "DisplayNameLocalizationId" : "GAMEPLAY_EmberBox",
                            "DescriptionLocalizatonId" : "GAMEPLAY_EmberBoxDescription",
                            "InventoryActionLocalizationId" : "",
                            "WeightKG": 0.35,
                            "DaysToDecay" : 0,
                            "MaxHP" : 100,
                            "InitialCondition" : "Perfect",
                            "InventoryCategory" : "Firestarting",
                            "Radial" : "None",
                            "PickUpAudio" : "Play_TinCanPickup",
                            "PutBackAudio" : "Play_TinCanPutDown",
                            "StowAudio" : "Play_InventoryStow",
                            "WornOutAudio" : "",
                            "InspectOnPickup" : true,
                            "InspectDistance" : 0.4,
                            "InspectAngles" : [-16, 41, -40],
                            "InspectOffset" : [0, -0.05, 0],
                            "InspectScale" :  [1, 1, 1],
                            "NormalModel" : "",
                            "InspectModel" : ""
    },
    "ModHarvestableComponent": {
                                "Audio" : "Play_CraftingGeneric",
                                "Minutes" : 2,
                                "YieldCounts" : [1,1,2],
                                "YieldNames" : ["GEAR_RecycledCan","GEAR_Charcoal","GEAR_BarkTinder"],
                                "RequiredToolNames" : []
                            }
}