{
    "@type": "ModComponentAPI.ModBlueprint",
    "RequiredGear": ["GEAR_RecycledCan","GEAR_Charcoal","GEAR_BarkTinder"],
    "RequiredGearUnits": [1,1,2],
    "KeroseneLitersRequired": 0,
    "GunpowderKGRequired": 0,
    "RequiredTool": "",
    "OptionalTools": [],
    "RequiredCraftingLocation": "Anywhere",
    "RequiresLitFire": false,
    "RequiresLight": false,
    "CraftedResult": "GEAR_EmberBox",
    "CraftedResultCount": 1,
    "DurationMinutes": 5,
    "CraftingAudio": "Play_CraftingGeneric",
    "AppliedSkill" : "None",
    "ImprovedSkill" : "None"
}